date,Afghanistan,Armenia,Azerbaijan,Bangladesh,Belarus,Benin,Bhutan,Brazil,Burkina Faso,Burundi,Cameroon,Cape Verde,Chad,Chile,China,Colombia,Costa Rica,Democratic Republic of the Congo,Dominican Republic,Egypt,El Salvador,Eritrea,Ethiopia,Gabon,Georgia,Ghana,Guatemala,Guinea,Haiti,India,Indonesia,Kyrgyzstan,Lao People's Democratic Republic,Lesotho,Madagascar,Malawi,Mauritania,Mexico,Mongolia,Mozambique,Myanmar,Namibia,Nepal,Nicaragua,Niger,Occupied Palestinian Territory,Pakistan,Panama,Peru,Philippines,Republic of Moldova,Russian Federation,Samoa,Senegal,Somalia,Sri Lanka,Tajikistan,Timor-Leste,Togo,Tunisia,Uganda,Uruguay,Viet Nam,Zambia,Zimbabwe
19900101,,,,,,1.3,,,,,,,,,,,,,,,,,,,,,,,,,,,0.58,,,,,,,,,,,,3.94,,,,,,,,,,,,,,,,,,,,
19900201,,,,,,1.4,,,,,,,,,,,,,,,,,,,,,,,,,,,0.58,,,,,,,,,,,,3.99,,,,,,,,,,,,,,,,,,,,
19900301,,,,,,1.38,,,,,,,,,,,,,,,,,,,,,,,,,,,0.6,,,,,,,,,,,,4,,,,,,,,,,,,,,,,,,,,
19900401,,,,,,1.78,,,,,,,,,,,,,,,,,,,,,,,,,,,0.61,,,,,,,,,,,,4.15,,,,,,,,,,,,,,,,,,,,
19900501,,,,,,2.83,,,,,,,,,,,,,,,,,,,,,,,,,,,0.62,,,,,,,,,,,,3.6,,,,,,,,,,,,,,,,,,,,
19900601,,,,,,4.63,,,,,,,,,,,,,,,,,,,,,,,,,,,0.67,,,,,,,,,,,,3.57,,,,,,,,,,,,,,,,,,,,
19900701,,,,,,6.01,,,,,,,,,,,,,,,,,,,,,,,,,,,0.75,,,,,,,,,,,,4.57,,,,,,,,,,,,,,,,,,,,
19900801,,,,,,5.56,,,,,,,,,,,,,,,,,,,,,,,,,,,0.74,,,,,,,,,,,,4.66,,,,,,,,,,,,,,,,,,,,
19900901,,,,,,5.12,,,,,,,,,,,,,,,,,,,,,,,,,,,0.75,,,,,,,,,,,,4.65,,,,,,,,,,,,,,,,,,,,
19901001,,,,,,5,,,,,,,,,,,,,,,,,,,,,,,,,,,0.74,,,,,,,,,,,,4.57,,,,,,,,,,,,,,,,,,,,
19901101,,,,,,5.14,,,,,,,,,,,,,,,,,,,,,,,,,,,0.73,,,,,,,,,,,,4.59,,,,,,,,,,,,,,,,,,,,
19901201,,,,,,4.94,,,,,,,,,,,,,,,,,,,,,,,,,,,0.69,,,,,,,,,,,,4.47,,,,,,,,,,,,,,,,,,,,
19910101,,,,,,4.98,,,,,,,,,,,,,,,,,,,,,,,,,,,0.66,,,,,,,,,,,,4.66,,,,,,,,,,,,,,,,,,,,
19910201,,,,,,5.58,,,,,,,,,,,,,,,,,,,,,,,,,,,0.67,,,,,,,,,,,,4.97,,,,,,,,,,,,,,,,,,,,
19910301,,,,,,5.1,,,,,,,,,,,,,,,,,,,,,,,,,,,0.67,,,,,,,,,,,,4.8,,,,,,,,,,,,,,,,,,,,
19910401,,,,,,5.4,,,,,,,,,,,,,,,,,,,,,,,,,,,0.68,,,,,,,,,,,,4.5,,,,,,,,,,,,,,,,,,,,
19910501,,,,,,4.22,,,,,,,,,,,,,,,,,,,,,,,,,,,0.77,,,,,,,,,,,,4.38,,,,,,,,,,,,,,,,,,,,
19910601,,,,,,3.54,,,,,,,,,,,,,,,,,,,,,,,,,,,0.76,,,,,,,,,,,,3.5,,,,,,,,,,,,,,,,,,,,
19910701,,,,,,4.39,,,,,,,,,,,,,,,,,,,,,,,,,,,0.85,,,,,,,,,,,,3.73,,,,,,,,,,,,,,,,,,,,
19910801,,,,,,4.4,,,,,,,,,,,,,,,,,,,,,,,,,,,0.85,,,,,,,,,,,,4.44,,,,,,,,,,,,,,,,,,,,
19910901,,,,,,4.46,,,,,,,,,,,,,,,,,,,,,,,,,,,0.83,,,,,,,,,,,,4.18,,,,,,,,,,,,,,,,,,,,
19911001,,,,,,4.28,,,,,,,,,,,,,,,,,,,,,,,,,,,0.83,,,,,,,,,,,,3.82,,,,,,,,,,,,,,,,,,,,
19911101,,,,,,4.34,,,,,,,,,,,,,,,,,,,,,,,,,,,0.83,,,,,,,,,,,,2.73,,,,,,,,,,,,,,,,,,,,
19911201,,,,,,2.94,,,,,,,,,,,,,,,,,,,,,,,,,,,0.8,,,,,,,,,,,,2.71,,,,,,,,,,,,,,,,,,,,
19920101,,,,,,2.98,,,,,,,,,,,,,,,,,,,,,,,,,,,0.8,,,,,,,,,,,,4.09,,,,,,,,,,,,,,,,,,,,
19920201,,,,,,3.31,,,,,,,,,,,,,,,,,,,,,,,,,,,0.78,,,,,,,,,,,,3.96,,,,,,,,,,,,,,,,,,,,
19920301,,,,,,4.96,,,,,,,,,,,,,,,,,,,,,,,,,,,0.78,,,,,,,,,,,,3.9,,,,,,,,,,,,,,,,,,,,
19920401,,,,,,4.12,,,,,,,,,,,,,,,,,,,,,,,,,,,0.78,,,,,,,,,,,,3.97,,,,,,,,,,,,,,,,,,,,
19920501,,,,,,4.45,,,,,,,,,,,,,,,,,,,,,,,,,,,0.8,,,,,,,,,,,,4.29,,,,,,,,,,,,,,,,,,,,
19920601,,,,,,5.55,,,,,,,,,,,,,,,,,,,,,,,,,,,0.84,,,,,,,,,,,,4.67,,,,,,,,,,,,,,,,,,,,
19920701,,,,,,6.8,,,,,,,,,,,,,,,,,,,,,,,,,,,0.91,,,,,,,,,,,,5.23,,,,,,,,,,,,,,,,,,,,
19920801,,,,,,5.48,,,,,,,,,,,,,,,,,,,,,,,,,,,0.92,,,,,,,,,,,,5.45,,,,,,,,,,,,,,,,,,,,
19920901,,,,,,4.76,,,,,,,,,,,,,,,,,,,,,,,,,,,0.92,,,,,,,,,,,,4.88,,,,,,,,,,,,,,,,,,,,
19921001,,,,,,4.49,,,,,,,,,,,,,,,,,,,,,,,,,,,0.88,,,,,,,,,,,,4.6,,,,,,,,,,,,,,,,,,,,
19921101,,,,,,3.87,,,,,,,,,,,,,,,,,,,,,,,,,,,0.77,,,,,,,0.46,,,,,4.2,,,,,,,,,,,,,,,,,,,,
19921201,,,,,,4.03,,,,,,,,,,,,,,,,,,,,,,,,,,,0.78,,,,,,,1.62,,,,,4.14,,,,,,,,,,,,,,,,,,,,
19930101,,,,,,4.44,,,,,,,,,,,,,,,,,,,,,,,,,,,0.76,,,,,,,1.95,,,,,4.22,,,,,,,,,,,,,,,,,,,,
19930201,,,,,,4.5,,,,,,,,,,,,,,,,,,,,,,,,,,,0.75,,,,,,,1.85,,,,,4.19,,,,,,,,,,,,,,,,,,,,
19930301,,,,,,4.31,,,,,,,,,,,,,,,,,,,,,,,,,,,0.75,,,,,,,1.52,,,,,4.1,,,,,,,,,,,,,,,,,,,,
19930401,,,,,,4.23,,,,,,,,,,,,,,,,,,,,,,,,,,,0.75,,,,,,,0.85,,,,,4.1,,,,,,,,,,,,,,,,,,,,
19930501,,,,,,3.57,,,,,,,,,,,,,,,,,,,,,,,,,,,0.75,,,,,,,0.37,,,,,3.96,,,,,,,,,,,,,,,,,,,,
19930601,,,,,,3.24,,,,,,,,,,,,,,,,,,,,,,,,,,,0.76,,,,,,,0.32,,,,,3.98,,,,,,,,,,,,,,,,,,,,
19930701,,,,,,3.83,,,,,,,,,,,,,,,,,,,,,,,,,,,0.77,,,,,,,,,,,,4.22,,,,,,,,,,,,,,,,,,,,
19930801,,,,,,3.85,,,,,,,,,,,,,,,,,,,,,,,,,,,0.87,,,,,,,,,,,,3.79,,,,,,,,,,,,,,,,,,,,
19930901,,,,,,4.2,,,,,,,,,,,,,,,,,,,,,,,,,,,0.89,,,,,,,,,,,,3.86,,,,,,,,,,,,,,,,,,,,
19931001,,,,,,3.71,,,,,,,,,,,,,,,,,,,,,,,,,,,0.89,,,,,,,,,,,,3.66,,,,,,,,,,,,,,,,,,,,
19931101,,,,,,4.04,,,,,,,,,,,,,,,,,,,,,,,,,,,0.84,,,,,,,,,,,,3.42,,,,,,,,,,,,,,,,,,,,
19931201,,,,,,4.18,,,,,,,,,,,,,,,,,,,,,,,,,,,0.82,,,,,,,0.2,,,,,3.54,,,,,,,,,,,,,,,,,,,,
19940101,,,,,,2.2,,,,,,,,,,,,,,,,,,,,,,,,,,,0.66,,,,,,,0.25,,,,,1.83,,,,,,,,,,,,,,,17.39,,,,,
19940201,,,,,,2.59,,,,,,,,,,,,,,,,,,,,,,,,,,,0.67,,,,,,,0.24,,,,,2.32,,,,,,,,,,,,,,,17.19,,,,,
19940301,,,,,,2.71,,,,,,,,,,,,,,,,,,,,,,,,,,,0.77,,,,,,,0.21,,,,,2.42,,,,,,,,,,,,,,,17.39,,,,,
19940401,,,,,,2.89,,,,,,,,,,,,,,,,,,,,,,,,,,,0.8,,,,,,,0.19,,,,1.3,2.41,,,,,,,,,,,,,,,18.35,,,,,
19940501,,,,,,2.65,,,,,,,,,,,,,,,,,,,,,,,,,,,0.8,,,,,,,0.38,,,,1.26,2.49,,,,,,,,,,,,,,,17.97,,,,,
19940601,,,,,,2.8,,,,,,,,,,,,,,,,,,,,,,,,,,,0.82,,,,,,,0.37,,,,1.16,2.63,,,,,,,,,,,,,,,17.94,,,,,
19940701,,,,,,2.94,,,,,,,,,,,,,,,,,,,,,,,,,,,0.94,,,,,,,0.53,,,,1.24,2.85,,,,,,,,,,,,,,,18.85,,,,,
19940801,,,,,,3.03,,,,,,,,,,,,,,,,,,,,,,,,,,,0.95,,,,,,,0.63,,,,1.35,2.82,,,,,,,,,,,,,,,18.22,,,,,
19940901,,,,,,3.43,,,,,,,,,,,,,,,,,,,,,,,,,,,0.95,,,,,,,1.06,,,,1.38,2.49,,,,,,,,,,,,,,,19.76,,,,,
19941001,,,,,,3.55,,,,,,,,,,,,,,,,,,,,,,,,,,,0.94,,,,,,,0.69,,,,1.31,2.54,,,,,,,,,,,,,,,20.74,,,,,
19941101,,,,,,3.51,,,,,,,,,,,,,,,,,,,,,,,,,,,0.91,,,,,,,0.7,,,,1.03,2.62,,,,,,,,,,,,,,,19.89,,,,,
19941201,,,,,,3.56,,,,,,,,,,,,,,,,,,,,,,,,,,,0.91,,,,,,,1.12,,,,0.79,2.61,,,,,,,,,,,,,,,17.56,,,,,
19950101,,,,,,3.62,,,,,,,,,,,,,,,,,,,,,,,,,,,0.87,,,,,,,1.07,,,,0.78,2.73,,,,3.52,,,,,,,,,,,20.4,,,,,
19950201,,,,,,4.02,,,,,,,,,,,,,,,,,,,,,,,,,,,0.87,,,,,,,1.07,,,,0.83,2.76,,,,3.51,,,,,,,,,,,20.44,,,,,
19950301,,,,,,4.48,,,,,,,,,,,,,,,,,,,,,,,,,,,0.9,,,,,,,1.16,,,,0.8,2.84,,,,3.46,,,,,,,,,,,21.51,,,,,
19950401,,,,,,4.69,,,,,,,,,,,,,,,,,,,,,,,,,,,0.94,,,,,,,1.12,,,,0.82,2.9,,,,3.5,,,,,,,,,,,22.11,,,,,
19950501,,,,,,4.61,,,,,,,,,,,,,,,,,,,,,,,,,,,0.95,,,,,,,1.08,,,,0.81,2.92,,,,3.55,,,,,,,,,,,21.65,,,,,
19950601,,,,,,4.67,,,,,,,,,,,,,,,,,,,,,,,,,,,0.96,,,,,,,0.99,,,,0.82,3.08,,,,3.58,,,,,,,,,,,20.26,,,,,
19950701,,,,,,4.87,,,,,,,,,,,,,,,,,,,,,,,,,,,0.97,,,,,,,0.94,,,,0.81,3.27,,,,3.64,,,,,,,,,,,21.26,,,,,
19950801,,,,,,5.79,,,,,,,,,,,,,,,,,,,,,,,,,,,1.08,,,,,,,0.99,,,,0.86,3.36,,,,3.85,,,,,,,,,,,21.4,,,,,
19950901,,,,,,5.32,,,,,,,,,,,,,,,,,,,,,,,,,,,0.94,,,,,,,0.99,,,,1.02,3.48,,,,3.85,,,,,,,,,,,21.55,,,,,
19951001,,,,,,5.26,,,,,,,,,,,,,,,,,,,,,,,,,,,0.9,,,,,,,1.11,,,,1.23,3.3,,,,3.83,,,,,,,,,,,21.87,,,,,
19951101,,,,,,5.94,,,,,,,,,,,,,,,,,,,,,,,,,,,0.87,,,,,,,1.35,,,,1.32,3.35,,,,3.82,,,,,,,,,,,21.54,,,,,
19951201,,,,,,5.95,,,,,,,,,,,,,,,,,,,,,,,,,,,0.86,,,,,,,1.55,,,,1.16,3.21,,,,3.83,,,,,,,,,,,21.1,,,,,
19960101,,,,,,5.94,,,,,,,,,,,,,,,,,,,,,,,,,,,0.73,,,,,,,1.76,,,,1.13,3.24,,,,3.86,,,,,,,,,,,21.29,,,,,
19960201,,,,,,5.9,,,,,,,,,,,,,,,,,,,,,,,,,,,0.74,,,,,,,2.13,,,,1.09,3.27,,,,3.9,,,,,,,,,,,21.57,,,,,
19960301,,,,,,6.19,,,,,,,,,,,,,,,,,,,,,,,,,,,0.77,,,,,,,1.85,,,,1.17,3.27,,,,3.93,,,,,,,,,,,22.1,,,,,
19960401,,,,,,6.14,,,,,,,,,,,,,,,,,,,,,,,,,,,0.77,,,,,,,1.13,,,,1.28,4,,,,3.95,,,,,,,,,,,21.77,,,,,
19960501,,,,,,6.24,,,,,,,,,,,,,,,,,,,,,,,,,,,0.81,,,,,,,1.05,,,,1.53,3.86,,,,3.91,,,,,,,,,,,22.13,,,,,
19960601,,,,,,6.43,,,,,,,,,,,,,,,,,,,,,,,,,,,0.82,,,,,,,1.05,,,,1.76,3.89,,,,3.88,,,,,,,,,,,20.87,,,,,
19960701,,,,,,6.69,,,,,,,,,,,,,,,,,,,,,,,,,,,0.83,,,,,,,0.98,,,,2.08,3.99,,,,3.84,,,,,,,,,,,21.43,,,,,
19960801,,,,,,7.18,,,,,,,,,,,,,,,,,,,,,,,,,,,0.83,,,,,,,1.01,,,,2.08,4.25,,,,3.81,,,,,,,,,,,21.82,,,,,
19960901,,,,,,6.37,,,,,,,,,,,,,,,,,,,,,,,,,,,0.89,,,,,,,0.97,,,,1.88,3.89,,,,3.79,,,,,,,,,,,21.65,,,,,
19961001,,,,,,6.09,,,,,,,,,,,,,,,,,,,,,,,,,,,0.82,,,,,,,1.02,,,,2.01,3.62,,,,3.73,,,,,,,,,,,22.07,,,,,
19961101,,,,,,6.3,,,,,,,,,,,,,,,,,,,,,,,,,,,0.81,,,,,,,0.99,,,,1.93,3.54,,,,3.73,,,,,,,,,,,21.1,,,,,
19961201,,,,,,5.83,,,,,,,,,,,,,,,,,,,,,,,,,,,0.82,,,,,,,1.03,,,,1.77,3.28,,,,3.74,,,,,,,,,,,20.82,,,,,
19970101,,,,,,6.7,,,,,,,,,,,,,,,,,,,,,,,,,,,0.81,,,,,,,1.12,,,,1.57,2.57,,,,3.64,,,,,,,,,,,20.18,,,,,
19970201,,,,,,6.55,,,,,,,,,,,,,,,,,,,,,,,,,,,0.84,,,,,,,1.26,,,,1.47,2.66,,,,3.63,,,,,,,,,,,20.51,,,,,
19970301,,,,,,7,,,,,,,,,,,,,,,,,,,,,,,,,,,0.87,,,,,,,1.1,,,,1.59,3.63,,,,3.66,,,,,,,,,,,20.2,,,,,
19970401,,,,,,7.11,,,,,,,,,,,,,,,,,,,,,,,,,,,0.87,,,,,,,0.93,,,,1.59,4,,,,3.65,,,,,,,,,,,20.08,,,,,
19970501,,,,,,7.33,,,,,,,,,,,,,,,,,,,,,,,,,,,1,,,,,,,0.81,,,,1.6,4.03,,,,3.7,,,,,,,,,,,19.61,,,,,
19970601,,,,,,7.28,,,,,,,,,,,,,,,,,,,,,,,,,,,1.01,,,,,,,0.67,,,,1.98,4.04,,,,3.75,,,,,,,,,,,19.41,,,,,
19970701,,,,,,7.01,,,,,,,,,,,,,,,,,,,,,,,,,,,1.05,,,,,,,0.69,,,,1.96,4.05,,,,3.79,,,,,,,,,,,18.71,,,,,
19970801,,,,,,6.38,,,,,,,,,,,,,,,,,,,,,,,,,,,1.07,,,,,,,0.8,,,,1.86,4.02,,,,3.79,,,,,,,,,,,18.3,,,,,
19970901,,,,,,6.19,,,,,,,,,,,,,,,,,,,,,,,,,,,1.01,,,,,,,0.97,,,,1.79,3.71,,,,3.8,,,,,,,,,,,18.97,,,,,
19971001,,,,,,6.12,,,,,,,,,,,,,,,,,,,,,,,,,,,0.8,,,,,,,1.11,,,,1.73,3.53,,,,3.78,,,,,,,,,,,19.69,,,,,
19971101,,,,,,5.99,,,,,,,,,,,,,,,,,,,,,,,,,,,0.7,,,,,,,1.38,,,,1.52,3.75,,,,3.74,,,,,,,,,,,19.37,,,,,
19971201,,,,,,5.89,,,,,,,,,,,,,,,,,,,,,,,,,,,0.65,,,,,,,1.65,,,,1.34,3.63,,,,3.76,,,,,,,,,,,18.99,,,,,
19980101,,,,,,5.77,,,,,,,,,,,,,,,,,,,,,,,,,,,0.54,,,,,,,1.72,,,,1.2,3.69,,,,3.74,,,,,,,,,,,19.55,,,,,
19980201,,,,,,5.77,,,,,,,,,,,,,,,,,,,,,,,,,,,0.62,,,,,,,1.64,,,,1.29,3.75,,,,3.73,,,,,,,,,,,19.27,,,,,
19980301,,,,,,6.42,,,,,,,,,,,,,,,,,,,,,,,,,,,0.65,,,,,,,1.36,,,,1.53,3.86,,,,3.76,,,,,,,,,,,18.95,,,,,
19980401,,,,,,6.64,,,,,,,,,,,,,,,,,,,,,,,,,,,0.7,,,,,,,1.09,,,,1.66,4.37,,,,3.8,,,,,,,,,,,19.18,,,,,
19980501,,,,,,6.86,,,,,,,,,,,,,,,,,,,,,,,,,,,0.76,,,,,,,0.93,,,,1.64,4.8,,,,3.79,,,,,,,,,,,19.24,,,,,
19980601,,,,,,6.59,,,,,,,,,,,,,,,,,,,,,,,,,,,0.82,,,,,,,0.98,,,,1.86,4.62,,,,3.74,,,,,,,,,,,18.78,,,,,
19980701,,,,,,6.68,,,,,,,,,,,,,,,,,,,,,,,,,,,0.88,,,,,,,1.04,,,,1.79,4.97,,,,3.72,,,,,,,,,,,19.09,,,,,
19980801,,,,,,6.58,,,,,,,,,,,,,,,,,,,,,,,,,,,0.83,,,,,,,1.35,,,,1.59,4.86,,,,3.68,,,,,,,,,,,19.36,,,,,
19980901,,,,,,6.44,,,,,,,,,,,,,,,,,,,,,,,,,,,0.84,,,,,,,1.51,,,,1.35,4.57,,,,3.59,,,,,,,,,,,20.42,,,,,
19981001,,,,,,6.2,,,,,,,,,,,,,,,,,,,,,,,,,,,0.76,,,,,,,1.55,,,,1.25,3.37,,,,3.62,,,,,,,,,,,21.26,,,,,
19981101,,,,,,6.28,,,,,,,,,,,,,,,,,,,,,,,,,,,0.76,,,,,,,1.68,,,,1.61,3,,,,3.61,,,,,,,,,,,20.48,,,,,
19981201,,,,,,6.13,,,,,,,,,,,,,,,,,,,,,,,,,,,0.75,,,,,,,1.51,,,,1.54,2.86,,,,3.59,,,,,,,,,,,20.6,,,,,
19990101,,,,,,5.21,,,,,,,,,,,,,,,,,,,,,,,,,,,0.75,,,,,,,1.62,,,,1.52,2.98,,,,3.48,,,,,,,,,,,20.68,,,,,
19990201,,,,,,4.71,,,,,,,,,,,,,,,,,,,,,,,,,,,0.75,,,,,,,1.59,,,,1.49,2.97,,,,3.33,,,,,,,,,,,20.1,,,,,
19990301,,,,,,4.06,,,,,,,,,,,,,,,,,,,,,,,,,,,0.7,,,,,,,1.64,,,,1.31,2.83,,,,3.36,,,,,,,,,,,19.74,,,,,
19990401,,,,,,4.11,,,,,,,,,,,,,,,,,,,,,,,,,,,0.6,,,,,,,1.06,,,,1.26,2.91,,,,3.44,,,,,,,,,,,19.37,,,,,
19990501,,,,,,3.98,,,,,,,,,,,,,,,,,,,,,,,,,,,0.5,,,,,,,0.77,,,,1.25,2.88,,,,3.48,,,,,,,,,,,19.43,,,,,
19990601,,,,,,3.99,,,,,,,,,,,,,,,,,,,,,,,,,,,0.45,,,,,,,0.73,,,,1.44,2.27,,,,3.51,,,,,,,,,,,19.38,,,,,
19990701,,,,,,4.28,,,,,,,,,,,,,,,,,,,,,,,,,,,0.46,,,,,,,0.7,,,,1.51,2.36,,,,3.53,,,,,,,,,,,18.91,,,,,
19990801,,,,,,3.95,,,,,,,,,,,,,,,,,,,,,,,,,,,0.46,,,,,,,0.72,,,,1.41,3.03,,,,3.52,,,,,,,,,,,19.5,,,,,
19990901,,,,,,3.87,,,,,,,,,,,,,,,,,,,,,,,,,,,0.53,,,,,,,0.82,,,,1.31,2.91,,,,3.45,,,,,,,,,,,19.58,,,,,
19991001,,,,,,3.94,,,,,,,,,,,,,,,,,,,,,,,,,,,0.54,,,,,,,0.87,,,,1.37,2.82,,,,3.41,,,,,,,,,,,20.29,,,,,
19991101,,,,,,3.72,,,,,,,,,,,,,,,,,,,,,,,,,,,0.52,,,,,,,0.95,,,,1.35,2.73,,,,3.4,,,,,,,,,,,19.89,,,,,
19991201,,,,,,3.76,,,,,,,,,,,,,,,,,,,,,,,,,,,0.48,,,,,,,1.04,,,,1.27,2.81,,,,3.39,,,,,,,,,,,18.72,,,,,
20000101,3.23,,,,,3.78,,2.34,,,,,,,,1.11,3.43,,,,,,,,,,,,,5.17,,,0.49,,,,,,,5.1,,,,2.95,5.13,,,,5.8,25.16,,,,,,,,,,18.99,,,,,
20000201,3.07,,,,,3.59,,2.15,,,,,,,,1.11,3.25,,,,,,,,,,,,,5.09,,,0.49,,,,,,,4.48,,,,2.91,5.34,,,,5.89,25.28,,,,,,,,,,18.85,,,,,
20000301,2.82,,,,,3.81,,2.16,,,,,,,,1.1,3.23,,,,,,,,,,,,,6.03,,,0.51,,,,,,,4.47,,,,2.97,5.14,,,,6.01,25.63,,,,,,,,,,18.38,,,,,
20000401,2.94,,,,,4.55,,2.24,,,,,,,,1.09,3.15,,,,,,,,,,,,,6.08,,,0.56,,,,,,,4.14,,,,2.93,5.11,,,,5.84,24.06,,,,,,,,,,17.85,,,,,
20000501,2.96,,,,,4.43,,2.15,,,,,,,,1.04,3.12,,,,,,,,,,,,,5.98,,,0.56,,,,,,,3.9,,,,2.94,4.94,,,,5.73,25.5,,,,,,,,,,16.63,,,,,
20000601,3.02,,,,,4.63,,2.15,,,,,,,,1.02,3.12,,,,,,,,,,,,,5.9,,,0.57,,,,,,,3.77,,,,2.96,5.26,,,,5.76,25.01,,,,,,,,,,17.29,,,,,
20000701,3.01,,,,,4.7,,2.17,,,,,,,,0.99,3.11,,,,,,,,,,,,,6.09,,,0.57,,,,,,,3.55,,,,2.99,5.22,,,,5.94,24,,,,,,,,,,17.28,,,,,
20000801,2.74,,,,,4.44,,2.27,,,,,,,,0.96,3.15,,,,,,,,,,,,,5.98,,,0.59,,,,,,,3.48,,,,2.99,4.96,,,,5.88,23.62,,,,,,,,,,17.16,,,,,
20000901,2.76,,,,,3.87,,2.13,,,,,,,,0.94,3.06,,,,,,,,,,,,,6.03,,,0.59,,,,,,,4.13,,,,2.86,4.92,,,,5.92,23.12,,,,,,,,,,17.19,,,,,
20001001,2.64,,,,,3.7,,2.08,,,,,,,,0.96,2.98,,,,,,,,,,,,,5.96,,,0.57,,,,,,,3.5,,,,2.76,4.7,,,,5.89,21.84,,,,,,,,,,17.13,,,,,
20001101,2.49,,,,,3.15,,2.02,,,,,,,,0.97,3.04,,,,,,,,,,,,,6.15,,,0.48,,,,,,,3.17,,,,2.69,4.73,,,,5.76,21.1,,,,,,,,,,16.84,,,,,
20001201,2.45,,,,,3.22,,2.07,,,,,,,,0.95,2.99,,,,,,,,,,,,,6.17,,,0.49,,,,,,,3.09,,,,2.73,5.11,,,,5.88,21.09,,,,,,,,,,17.07,,,,,
20010101,2.36,,,,,4.28,,2.01,,,,,,,,0.92,3,,,,,,,,,,2.95,,,6.15,,,0.49,,,,,,,3.65,,,,2.7,5.32,,,,5.89,20.66,,,,,5.53,,,,5.12,17.75,,,,,
20010201,2.29,,,,,4.53,,1.95,,,,,,,,0.95,2.98,,,,,,,,,,3.11,,,5.93,,,0.5,,,,,,,3.9,,,,2.69,5.59,,,,6.01,22.11,,,,,5.3,,,,5.13,18.11,,,,,
20010301,2.39,,,,,4.78,,1.89,,,,,,,,1.02,3.03,,,,,,,,,,3.12,,,5.91,,,0.44,,,,,,,3.64,,,,2.66,6.28,,,,6.05,22.32,,,,,5.35,,,,5.51,17,,,,,
20010401,2.39,,,,,4.91,,1.82,,,,,,,,1.01,2.92,,,,,,,,,,3.06,,,5.93,,,0.5,,,,,,,3.54,,,,2.68,6.54,,,,5.83,20.33,,,,,4.73,,,,5.88,16.7,,,,,
20010501,2.28,,,,,5.06,,1.76,,,,,,,,1.03,2.9,,,,,,,,,,3.13,,,6.12,,,0.52,,,,,,,3.44,,,,2.64,6.32,,,,5.71,21.84,,,,,4.94,,,,5.83,16.34,,,,,
20010601,2.11,,,,,5.34,,1.81,,,,,,,,1.05,3.01,,,,,,,,,,3.17,,,6.24,,,0.51,,,,,,,3.25,,,,2.66,6.31,,,,5.83,21.4,,,,,4.78,,,,5.86,16.34,,,,,
20010701,2.02,,,,,5.66,,1.79,,,,,,,,1.05,3.27,,,,,,,,,,3.35,,,6.33,,,0.51,,,,,,,3.38,,,,2.73,6.57,,,,5.91,20.64,,,,,4.74,,,,6.07,16.39,,,,,
20010801,2.02,,,,,5.85,,1.88,,,,,,,,1.04,3.26,,,,,,,,,,3.46,,,6.53,,,0.5,,,,,,,3.06,,,,2.7,6.95,,,,5.86,20.9,,,,,5.34,,,,6.17,17.03,,,,,
20010901,2.14,,,,,5.8,,1.76,,,,,,,,1.02,3.3,,,,,,,,,,3.5,,,6.54,,,0.5,,,,,,,3.39,,,,2.6,6.04,,,,5.89,21.15,,,,,4.49,,,,5.46,17.16,,,,,
20011001,2.05,,,,,5.32,,1.76,,,,,,,,1.03,3.29,,,,,,,,,,3.42,,,6.62,,,0.48,,,,,,,3.85,,,,2.72,5.26,,,,5.96,20.94,,,,,4.52,,,,5.67,17.16,,,,,
20011101,1.96,,,,,5.1,,1.94,,,,,,,,1.03,3.21,,,,,,,,,,3.53,,,7,,,0.46,,,,,,,3.95,,,,2.77,5.14,,,,6.06,20.93,,,,,4.67,,,,5.47,17.63,,,,,
20011201,2.21,,,,,5.29,,2.08,,,,,,,,1.01,3.41,,,,,,,,,,3.42,,,6.8,,,0.43,,,,,,,4.19,,,,2.75,5.18,,,,6.19,20.96,,,,,4.98,,,,5.21,17.96,,,,,
20020101,2.38,,,,,5.49,,2.05,,,,,,,,1.04,3.49,,,,,,,,,,3.47,,,6.41,,,0.44,,,,,,,3.96,,,,2.59,5.72,,,,5.99,21.23,,,,,4.92,,,,5.31,17.68,,,,,
20020201,2.4,,,,,5.47,,2,,,,,,,,1.03,3.47,,,,,,,,,,3.43,,,5.98,,,0.44,,,,,,,3.19,,,,2.58,6.05,,,,5.9,21.24,,,,,4.62,,,,5.38,17.4,,,,,
20020301,2.27,,,,,5.52,,2.03,,,,,,,,1.04,3.54,,,,,,,,,,3.42,,,5.86,,,0.46,,,,,,,3.35,,,,2.55,6.24,,,,5.99,20.44,,,,,4.92,,,,5.85,17.28,,,,,
20020401,2.33,,,,,5.76,,2.06,,,,,,,,1.05,3.42,,,,,,,,,,3.51,,,5.82,,,0.48,,,,,,,3.02,,,,2.58,6.42,,,,6.06,21.51,,,,,4.47,,,,5.73,16.64,,,,,
20020501,2.31,,,,,6.16,,1.92,,,,,,,,1.04,3.36,,,,,,,,,,3.45,,,5.83,,,0.49,,,,,,,2.79,,,,2.55,6.79,,,,5.99,22.02,,,,,4.88,,,,5.74,17.52,,,,,
20020601,2.38,,,,,6.34,,1.78,,,,,,,,1.03,3.32,,,,,,,,,,3.46,,,5.81,,,0.5,,,,,,,2.79,,,,2.61,7.28,,,,5.92,21.81,,,,,4.6,,,,7.08,17.72,,,,,
20020701,2.28,,,,,6.69,,1.73,,,,,,,,0.97,3.25,,,,,,,,,,3.54,,,5.97,,,0.5,,,,,,,2.87,,,,2.64,7.81,,,,5.94,21.86,,,,,2.29,,,,6.94,18.22,,,,,
20020801,2.34,,,,,5.87,,1.72,,,,,,,,0.93,3.15,,,,,,,,,,3.52,,,6.04,,,0.53,,,,,,,2.92,,,,2.52,7.83,,,,5.81,21.46,,,,,2.3,,,,6.64,18.23,,,,,
20020901,2.41,,,,,5.4,,1.73,,,,,,,,0.91,3.34,,,,,,,,,,3.51,,,6.21,,,0.51,,,,,,,3.3,,,,2.53,7.01,,,,5.81,21.16,,,,,2.39,,,,6.51,18.67,,,,,
20021001,2.42,,,,,5.3,,1.62,,,,,,,,0.87,3.27,,,,,,,,,,3.55,,,6.3,,,0.5,,,,,,,3.71,,,,2.48,6.23,,,,5.93,20.5,,,,,3.21,,,,6.28,19.2,,,,,
20021101,2.4,,,,,5.1,,1.94,,,,,,,,0.91,3.26,,,,,,,,,,3.66,,,6.33,,,0.47,,,,,,,4.47,,,,2.47,6.05,,,,5.88,20.18,,,,,5.6,,,,5.92,18.96,,,,,
20021201,2.56,,,,,5.13,,2.04,,,,,,,,0.87,3.23,,,,,,,,,,3.67,,,6.13,,,0.45,,,,,,,4.87,,,,1.95,6.13,,,,5.96,20.07,,,,,5.35,,,,5.96,18.92,,,,,
20030101,2.46,,,,,5.35,,2.13,,,,,,,,0.85,3.18,,,,,,,,,,3.51,,,5.67,,,0.47,,,,,,,4.9,,,,2.43,6.67,,,,5.93,20.17,,,,,3.88,,,,6.31,19.4,,,,,
20030201,2.46,,,,,5.24,,2.03,,,,,,,,0.84,3.18,,,,,,,,,,3.54,,,5.42,,,0.48,,,,,,,4.72,,,,2.41,7.38,,,,6.01,20.08,,,,,4.16,,,,6.25,19.47,,,,,
20030301,2.31,,,,,5.19,,2.13,,,,,,,,0.86,3.17,,,,,,,,,,3.62,,,5.47,,,0.49,,,,,,,4.63,,,,2.36,7.35,,,,6.03,19.92,,,,,4.37,,,,6.28,19.65,,,,,
20030401,2.3,,,,,5.1,,2.38,,,,,,,,0.89,3.15,,,,,,,,,,3.64,,,5.73,,,0.51,,,,,,,4.4,,,,2.34,7.34,,,,5.95,20.71,,,,,4.59,,,,6.27,19.53,,,,,
20030501,2.33,,,,,4.88,,2.57,,,,,,,,0.93,3.11,,,,,,,,,,3.69,,,5.72,,,0.52,,,,,,,4.54,,,,2.31,7.68,,,,5.91,20.95,,,,,4.81,,,,6.36,21.17,,,,,
20030601,2.37,,,,,4.93,,2.64,,,,,,,,0.94,3.04,,,,,,,,,,3.54,,,5.85,,,0.55,,,,,,,4.58,,,,2.34,7.52,,,,5.87,20.54,,,,,5.15,,,,6.57,20.98,,,,,
20030701,2.4,,,,,4.67,,2.64,,,,,,,,0.93,3.13,,,,,,,,,,3.48,,,6.05,,,0.58,,,,,,,4.57,,,,2.33,7.28,,,,5.94,20.55,,,,,5.88,,,,5.96,20.38,,,,,
20030801,2.44,,,,,4.63,,2.53,,,,,,,,0.93,3.21,,,,,,,,,,3.52,,,6.14,,,0.67,,,,,,,4.58,,,,2.39,6.91,,,,5.85,20.11,,,,,4.92,,,,5.7,20.89,,,,,
20030901,2.49,,,,,4.48,,2.59,,,,,,,,0.94,3.18,,,,,,,,,,3.4,,,6.31,,,0.71,,,,,,,4.6,,,,2.37,6.74,,,,5.96,19.95,,,,,4.57,,,,5.73,22.08,,,,,
20031001,2.54,,,,,4.52,,2.58,,,,,4.25,,,0.92,3.16,,,,,,,,,,3.4,,,6.78,,,0.71,,,,5.82,,,4.65,,,,2.32,6.73,,,,5.94,19.92,,,,,4.27,,,,5.92,22.99,,,,,
20031101,2.64,,,,,4.73,,2.51,,,,,4.08,,,0.93,3.16,,,,,,,,,,3.38,,,6.86,,,0.65,,,,5.96,,,4.75,,,,2.33,6.57,,,,5.94,19.71,,,,,3.69,,,,5.6,22.95,,,,,
20031201,2.78,,,,,4.86,,2.55,,,,,4.17,,,0.95,3.22,,,,,,,,,,3.27,,,6.62,,,0.61,,,,6.06,,,4.9,,,,2.32,6.89,,,,6.03,20,,,,,4.57,,,,6.1,24.27,,,,,
20040101,2.86,,,,,5.14,,2.62,,,,,4.39,,,0.98,3.25,,,,,,,,10.3,,3.27,,,6.66,,,0.62,,,,6.13,,,5.1,,,,2.55,7.19,,1.1,,6.11,20.78,,,,,4.83,,,,5.91,24.83,,,,0.16,
20040201,2.87,,,,,5.79,,2.49,,,,,4.62,,,1.01,3.21,,,,,,,,10.66,,3.33,,,6.71,,,0.63,,,,6.23,,,5.15,,,,2.53,7.4,,1.12,,6.27,20.76,,,,,5.62,,,,5.87,24.63,,,,0.16,
20040301,2.88,,,,,5.76,,2.54,,,,,4.39,,,1.03,3.18,,,,,,,,11.2,,3.38,,,6.54,,,0.65,,,,6.55,,,5.34,,,,2.58,7.39,,1.16,,6.32,22.56,,,,,6.36,,,,5.98,24.11,,,,0.19,
20040401,2.88,,,,,5.56,,2.55,,,,,4.39,,,1.05,3.33,,,,,,,,11.64,,3.42,,,6.67,,,0.66,,,,6.89,,,5.18,,,,2.63,7.59,,1.08,,6.33,23.24,,,,,5.66,,,,6.04,23.05,,,,0.16,
20040501,2.84,,,,,5.73,,2.37,,,,,4.49,,,1.03,3.39,,,,,,,,12.17,,3.43,,,6.5,,,0.67,,,,,,,4.71,,,,2.68,7.71,,1.12,,6.29,23.16,,,,,6.27,,,,6.23,22.47,,,,0.12,
20040601,3.02,,,,,6.06,,2.43,,,,,4.53,,,1.05,3.47,,,,,,,,12.22,,3.46,,,6.5,,,0.66,,,,,,,4.74,,,,2.71,7.79,,1.1,,6.5,23.23,,,,,6.5,,,,6.22,22.4,,,,0.12,
20040701,3.13,,,,,6.58,,2.52,,,,,5.17,,,1.08,3.66,,,,,,,,11.99,,3.46,,,6.45,,,0.66,,,,,,,4.82,,,,3.04,8.41,,1.13,,6.59,23.27,,,,,7.94,,,,6.73,22.43,,,,0.13,
20040801,3.19,,,,,6.65,,2.5,,,,,5.22,,,1.1,3.7,,,,,,,,12.48,,3.55,,,6.59,,,0.65,,,,,,,5.16,,,,3.02,8.64,,1.15,,6.67,23.35,,,,,8.63,,,,7.48,22.36,,,,0.14,
20040901,3.21,,,,,6.29,,2.57,,,,,5.44,,,1.11,3.79,,,,,,,,12.55,,3.56,,,6.73,,,0.65,,,,,,,5.28,,,,3.17,8.27,,1.13,,6.83,22.99,,,,,8.58,,,,7.17,22.01,,,,0.14,
20041001,3.27,,,,,6.45,,2.63,,,,,5.89,,,1.08,3.91,,,,,,,,12.35,,3.65,,,6.78,,,0.6,,,,,,,5.71,,,,3.23,8.18,,1.13,,6.82,22.62,,,,,7.68,,,,7.08,22.48,,,,0.14,
20041101,3.38,,,,,6.96,,2.62,,,,,5.5,,,1.1,4.27,,,,,,,,12.52,,3.64,,,6.95,,,0.62,,,,,,,5.91,,,,3.46,9.03,,1.19,,6.74,22.82,,,,,6.59,,,,7.71,23.52,,,,0.14,
20041201,3.49,,,,,7.6,,2.64,,,,,6.4,,,1.15,4.24,,,,,,,,12.63,,3.65,,,6.96,,,0.57,,,,7.67,,,6.55,,,,3.11,9.63,,1.19,,6.77,23.49,,,,,7.07,,,,8.28,24.13,,,,0.17,
20050101,3.59,1.97,,,,7.14,,2.68,,,12.3,,6.55,,,1.19,4.22,,,,,,,,12.59,,3.67,,36.78,7.04,,34.99,0.59,,,,7.81,,,6.48,,,0.5,4.36,9.87,,1.17,,6.89,23.77,,8.93,,,3.95,,,,7.91,24.44,,,,0.18,
20050201,3.58,2.05,,,,7.3,,2.73,,,11.92,,6.43,,,1.17,4.04,,,,,,,,12.89,,3.74,,35.2,6.93,,35.11,0.6,,,,8.3,,,6.65,,,0.51,4.35,10.03,,1.18,,6.78,24.21,,9.27,,,7.6,,,,7.83,24.73,,,,0.19,
20050301,3.64,2.08,,,,6.99,,2.61,,,12.02,,7.2,,,1.17,4.01,,,,,,,,13.6,,3.77,,36.52,6.92,,35.3,0.6,,,,8.11,,,6.35,,,0.5,4.34,10.88,,1.19,,6.87,24.45,,9.73,,,7.3,,,,8.68,25.41,,,,0.2,
20050401,3.57,2.15,,,,7.14,,2.76,,,11.61,,7.39,,,1.18,3.99,,,,,,,,14.36,,3.76,,38.17,6.97,,35.48,0.61,,0.5,,8.3,,,6.13,,,0.49,4.43,11.32,,1.16,,6.86,24.87,,9.92,,,6.82,,,,9.01,24.68,,,,0.18,
20050501,3.52,2.12,,,,7.13,,2.97,,,11.85,,7.47,,,1.17,3.98,,,,,,,,14.48,,3.84,,38.12,7.07,,37.39,0.63,,0.45,,8.34,,,5,,,0.5,4.44,11.38,,1.12,,6.9,25.11,,10.12,,,6.93,,,,10.03,23.64,,,,0.16,
20050601,3.46,2.08,,,,7.43,,3.07,,,11.25,,7.12,,,1.17,4.19,,,,,,,,13.83,,3.87,,35.88,7.14,,38.32,0.63,,0.77,,8.58,,,5.03,,,0.5,4.35,11.88,,1.09,,6.89,24.74,,10.14,,,7.33,,,,10.25,22.02,,,,0.17,
20050701,3.43,2.09,,,,9.81,,3.08,,,10.96,,7.48,,,1.18,3.97,,,,,,,,13.67,,3.92,,33.66,7.45,,37.28,0.65,,0.9,,8.67,,,5.32,,,0.51,4.35,13.18,,1.13,,6.92,24.43,,10.32,,,6.68,,,,11.17,21.61,,,,0.18,
20050801,3.49,1.97,,,,8.94,,2.99,,,11.54,,7.9,,,1.19,4.01,,,,,,,,14.81,,3.87,,32.89,7.74,,36.96,0.69,,1.02,,9.3,,,5.54,,,0.53,4.3,14.17,,,,6.85,24.28,,10.35,,,7.51,,,,11.08,22.61,,,,0.2,
20050901,3.54,2,,,,7.09,,3.08,,,12.3,,7.4,,,1.21,4.07,,,,,,1.43,,14.42,1.84,3.89,,35.56,7.88,,36.85,0.74,,0.98,,7.6,,,5.67,,,0.54,4.18,11.83,,,,6.67,23.96,,10.71,,,7.09,,,,9.7,22.71,,,,0.22,
20051001,3.56,2.03,,,,7.12,,3.13,,,12.47,,6.51,,,1.21,4.07,,,,,,1.41,,14.76,1.83,3.99,,35.66,8.04,,36.85,0.72,,0.95,,7.51,,,6.07,,,0.54,4.2,9.43,,,,6.42,23.89,,10.88,,,7.21,,,,9.65,22.57,,,,0.24,
20051101,3.55,1.98,,,,7.65,,3.09,,,12.59,,5.87,,,1.21,3.79,,,,,,1.38,,14.58,1.85,4.09,,36.26,8.2,,37.34,0.67,,0.9,,7.48,,,7.06,,,0.54,4.19,8.83,,,,6.32,24.34,,10.75,4.09,,6.54,,,,8.94,21.8,,,,0.28,
20051201,3.54,2.03,,,,7.52,,3.01,,,12.25,,5.41,,,1.21,3.66,,,,,,1.4,,14.91,1.9,4.04,,36.4,8.16,,38.13,0.67,,0.91,,7.52,,,9.29,,,0.51,4.13,8.9,,,,6.35,25.02,,10.83,4.09,,5.96,,,,8.85,22.36,,,,0.36,
20060101,3.5,2.01,8.79,,,7.64,,3.04,1.09,2.61,12.79,14.58,5.62,,,1.23,3.85,,8.59,,4.15,,27.63,,14.73,2.08,4.08,0.85,37.33,7.93,,38.77,3.28,,0.88,,7.53,,,9.37,,,0.5,4.24,9.31,,4.97,6.67,6.58,25.47,,11.2,4.12,,6.69,,3.3,,8.04,23.42,,,,2.77,
20060201,3.57,2.02,9.53,,,6.46,,3.23,1.09,2.64,12.57,14.05,5.55,,,1.24,3.84,,8.85,,4.15,,28.63,,14.95,2.05,3.98,0.9,38.89,7.68,,38.77,3.32,,0.85,,7.64,,,9.32,,,0.53,4.22,9.21,,4.99,6.67,6.95,25.94,,11.24,4.03,,7.57,,3.32,,8.55,23.61,,,,2.93,
20060301,3.52,2.03,9.94,,,6.64,,3.12,1.2,2.74,12.67,14.12,5.74,,,1.24,3.76,,9.45,,4.24,,29.79,,15.18,1.99,4.01,1,40.82,7.56,,38.97,3.41,,0.81,,7.53,,,8.61,,,0.54,4.32,9.2,,5.55,6.57,6.83,26.55,,11.66,3.82,,7.91,,3.32,,8.6,24.13,,,,2.87,
20060401,3.55,2.02,10.44,,,6.96,,3.14,1.14,2.7,13.08,14.66,6.26,,,1.2,3.68,,9.61,,4.22,,30.31,,16.71,1.95,4.03,1.02,40.78,7.6,,40.77,3.54,,0.76,,7.63,,,7.26,,,0.56,4.4,9.49,,4.95,6.39,6.81,26.68,,11.85,4.1,,7.94,,3.37,,8.89,24.87,,,,2.9,
20060501,3.52,2.06,10.58,,,7.25,,3.05,1.22,2.65,13.93,15.32,6.33,,,1.19,3.78,,9.47,,4.31,,31.13,,17.37,1.96,4.05,0.95,43.02,7.67,,42.37,3.56,,0.75,,7.64,,,6.54,,,0.61,4.35,9.92,,4.89,6.19,6.88,26.25,,12.32,3.88,,8.59,,3.33,,9.14,25.19,,,,2.83,
20060601,3.5,2.16,10.59,,,8.34,,2.94,1.18,2.48,13.75,16.27,6.3,,,1.13,3.77,,9.36,,4.38,,32.64,,18.47,2.01,4.01,1.06,41.67,7.8,,43.45,3.74,,0.73,,7.59,,,6.46,,,0.63,4.33,9.9,,4.89,6.18,6.96,25.83,,12.36,3.9,,7.94,,3.35,,9.01,24.19,,,,2.43,
20060701,3.52,2.18,10.71,,,8.31,,3.1,1.13,2.67,13.67,16.85,6.42,,,1.14,4.03,,9.54,,4.44,,32.99,,17.77,1.88,4.09,1.04,41.76,7.86,,43.86,3.81,,0.76,,7.85,,,6.52,,,0.63,4.34,9.87,,4.92,6.13,6.95,26.3,,12.42,4.06,,7.18,0.62,3.45,,8.96,25.04,,,,2.26,
20060801,3.55,2.27,10.88,,,7.52,,3.12,1.19,1.98,13.84,17.93,6.57,,,1.22,3.92,,9.67,,4.44,,35.36,,17.45,1.84,4.1,1.12,43.14,8.07,,43.91,4.04,,0.77,,7.96,,,6.96,,,0.65,4.32,9.88,,4.99,6.22,6.87,26.89,,12.6,,,6.67,0.62,3.49,,8.96,25.17,,,,2.05,
20060901,3.59,2.36,11.05,,,6.79,,3.08,1.13,1.96,13.61,17.16,6.2,,,1.24,3.73,,9.49,,4.39,,37.05,,17.16,1.76,4.05,1.11,42.78,8.73,,44.11,4.06,,0.8,,7.95,,,6.79,,,0.7,4.29,9.61,,4.98,6.2,6.81,27.23,,12.59,,,6.82,0.64,3.55,,8.88,25.03,,,,1.97,0.05
20061001,3.62,2.4,11.17,,,6.44,,3.18,1.06,2.44,13.3,16.47,5.86,,,1.28,3.71,,9.33,,4.48,,37.11,,17.64,1.74,4.11,,43.5,9.34,,44.37,4.02,,0.88,,7.99,,,6.89,,,0.8,4.31,8.99,,4.92,6.12,7.03,27.18,,12.75,,,7.63,0.65,3.68,,8.77,24.97,,,,1.98,0.05
20061101,3.78,2.44,11.35,,,5.3,,3.19,1.06,2.59,13.16,16.42,5.9,,,1.34,3.93,,9.47,,4.48,,37.35,,17.31,1.81,4.14,,43.41,9.61,,45.29,4.05,,0.95,,8.01,,,6.74,,,0.88,4.46,8.97,,4.98,6.82,6.99,27.38,,12.65,4.36,,8.2,0.66,3.84,,9.1,25.2,,,,0.81,0.03
20061201,3.77,2.5,11.38,,,5.1,,3.34,1.11,2.81,13.65,16.84,5.7,,,1.37,3.93,,9.57,,4.39,,37.37,,17.13,1.84,4.2,,44.26,9.53,,47.03,4.14,,1,,8.07,,,6.75,,,0.76,4.71,9.18,,5.01,6.57,7.07,27.65,,12.91,4.39,,8.58,0.69,3.98,,8.93,25.62,,,,0.8,0.05
20070101,3.84,2.52,11.7,,,5.3,,3.31,1.09,2.93,13.69,17.24,5.8,,,1.41,4.8,7.64,9.04,1.8,4.33,,37.07,4.5,17.33,2,4.44,,44.52,9.58,,48.51,4.42,,1.03,2.49,9.25,0.79,5.14,6.73,5.14,3.04,0.66,4.6,9.01,20.85,5.21,6.72,7.02,28.01,,12.94,4.46,9.34,6.6,0.69,4.01,,8.63,25.4,,,,2.69,0.05
20070201,3.89,2.57,11.78,,,5.97,,3.38,1.08,2.86,13.38,16.66,5.66,,,1.42,4.72,7.51,9.59,1.84,4.35,,37.6,4.03,17.48,2.02,4.25,,44.21,9.51,,48.15,4.45,,1.11,2.59,9.16,0.76,5.64,6.9,5.44,2.88,0.69,4.61,9.14,20.92,5.5,6.56,7.09,28.77,,13.02,4.38,9.29,6.65,0.72,3.99,,9.36,25.66,,,,2.74,0.05
20070301,3.88,2.55,11.83,,,4.68,,3.3,1.18,2.91,14.5,16.48,5.72,,,1.43,5,7.52,9.59,1.85,4.3,,36.8,4.31,17.68,1.76,4.29,,44.1,8.7,,48.91,4.5,,1.35,2.7,9.27,0.75,5.79,7.07,5.52,2.83,0.7,4.66,9.19,20.94,5.96,6.37,7.13,28.8,,13.23,4.36,9.85,7.14,0.71,4.11,,9.41,26.26,,,,2.74,0.03
20070401,3.91,2.52,11.88,,,5.77,,3.38,1.21,2.87,15.29,16.83,5.84,,,1.47,5,7.87,9.9,1.88,4.34,5.53,37.09,4.45,18.27,2.09,4.25,,45.47,9.02,,49.95,4.59,,1.32,2.64,9.55,0.76,6.12,6.85,5.64,3.02,0.77,4.64,9.46,21.79,5.99,6.32,7.1,29.27,,13.35,4.7,10.35,7.11,0.7,4.24,,9.33,26.46,,7.98,,2.84,0.06
20070501,3.96,2.59,11.87,,,5.02,,3.82,1.22,2.76,14.99,16.51,5.77,,,1.59,4.97,8.16,9.58,1.91,4.33,5.34,37.41,4.62,18.65,2.21,4.35,,43.93,9.17,,53.28,4.69,,1.13,2.61,9.83,0.77,6.31,6.86,5.78,3.06,0.77,4.65,9.35,22.11,6.37,6.35,7.37,30.08,,13.26,4.68,10.58,7,0.73,4.32,,9.3,26.16,,10.23,,2.97,0.04
20070601,3.96,2.89,11.86,,,5.03,,3.64,1.18,2.61,14.35,17.03,6.02,,,1.65,5.14,8.59,9.54,1.91,4.67,5.38,38.37,4.76,17.86,2.24,4.35,,44.37,9.32,,53.7,4.84,,1.03,2.55,9.83,0.77,6.93,7.03,5.79,3.08,0.74,4.76,9.19,21.46,6.73,6.24,7.46,30.55,,13.59,,10.43,7.17,0.75,4.28,,9.41,26.19,,11.89,,3.04,0.03
20070701,3.95,2.95,11.96,,,7.15,,4.02,1.18,2.54,14.49,17.79,5.87,,,1.64,4.9,11.46,9.44,1.72,4.78,5.15,37.73,5.05,17.12,2.27,4.52,1.11,45.11,9.87,,54.2,5,,1.06,2.45,10.04,0.77,6.96,7.6,5.97,3.19,0.8,5.01,9.46,21.44,6.93,6.27,7.54,31.17,,14.05,,10.9,7.63,0.76,3.71,,9.18,25.81,,9,,3.05,0.06
20070801,3.98,2.97,12.13,,,7.21,,3.82,1.18,2.66,14.06,18.1,5.96,,,1.52,4.94,11.57,9.28,2.21,5.07,5.56,39.62,5.06,17.84,2.25,4.65,1.03,45.55,10.06,,55.85,5.05,,1.07,2.33,10.09,0.76,6.77,7.55,6.06,3.22,0.8,5.32,9.52,24.85,6.81,6.36,7.45,30.73,,14.24,,11.23,7.55,0.79,3.74,,8.57,26.46,,7.35,,2.88,0.06
20070901,4.21,3.06,12.17,,,7.31,,4.21,1.16,2.63,14.79,19.57,5.98,,,1.51,5.19,11.41,9.28,2.08,5.5,5.7,45.79,5,18.37,2.01,4.7,1.74,45.26,10.44,,57.14,5.12,,1.1,2.44,10.19,0.76,6.57,8.01,5.98,3.37,0.79,9.09,9.61,26.82,6.91,6.76,7.71,30.76,,14.4,,11.72,9.41,0.78,4.7,,9.15,26.88,,7.22,,2.99,0.05
20071001,4.34,3.49,12.35,,,7.83,,4.22,1.22,2.69,15.06,19.01,6.04,,,1.59,5.69,11.91,9.28,1.99,6.39,5.59,46.66,4.78,18.74,2.06,4.77,1.59,45.86,10.8,,63.16,5.1,,1.17,2.48,10.46,0.77,6.11,8.12,6.06,3.51,0.83,10.17,9.77,28.36,7.22,6.89,8.19,32.16,,14.95,5.03,11.53,9.37,0.91,4.79,,10,27.11,,7.62,,3.14,0.04
20071101,4.59,3.73,12.73,,,8.5,,4.24,1.24,2.67,15.48,20.17,6.29,,,1.57,6.16,12.99,9.49,1.98,7.2,5.77,46.35,5.14,18.64,2.44,4.93,1.42,46.35,10.78,,63.97,4.99,,1.25,2.88,10.98,0.77,5.88,8.88,6.36,3.7,0.83,10.82,10.49,31.07,7.45,7.03,8.2,32.97,,15.24,4.89,12.01,10.15,1.02,4.89,,10.6,28.1,,8.03,,3.33,0.07
20071201,5.35,3.9,12.91,,,8.37,,4.35,1.29,2.81,15.27,19.19,6.06,,,1.59,6.44,13.43,9.69,2,6.33,6.22,46.08,5.41,19.33,2.19,4.97,1.27,47.99,10.27,,62.96,5.05,,1.22,3.15,10.97,0.77,6.18,9.57,6.34,3.72,0.83,10.47,10.56,30.45,7.65,7.2,8.4,34.15,,15.55,4.86,12.1,9.07,1.12,5.16,,10.5,28.03,,8.26,,3.36,0.1
20080101,6.63,4.54,13.59,1.49,,8.59,0.33,4.72,1.37,2.73,15.86,23.77,6.38,2.25,,1.62,6.6,13.11,9.6,7.33,6.39,5.96,46.53,5.46,19.97,2.21,4.95,1.34,50.75,9.95,,62.95,5.35,,1.23,3.27,11.06,0.77,6.62,11.1,6.49,3.61,0.88,11.69,11.14,32.39,7.98,7.18,8.45,35.26,3.21,16.25,5.06,12.57,10.5,1.23,5.17,,10.37,28.51,,8.67,0.67,4.08,0.08
20080201,6.58,4.53,14.47,1.53,,9.06,0.35,4.65,1.37,2.7,16.5,23.29,6.74,2.45,,1.8,6.78,13.18,9.31,7.13,6.42,6.9,47.51,5.37,21.4,2.3,5.02,1.37,54.71,9.76,1.46,63.3,5.43,,1.21,3.71,11.16,0.78,7.13,10.55,6.72,3.38,0.91,11.79,11.92,30.87,7.82,7.07,8.79,36.42,3.26,16.17,5.27,12.97,11.18,1.27,5.22,,10.86,29.1,,9.12,0.73,4.46,0.07
20080301,6.36,4.85,15.79,1.59,,10.39,0.36,4.62,1.46,2.76,17.37,25.08,7.21,2.92,,1.96,6.83,13.6,9.31,7.2,6.67,7.29,51.88,5.62,23.51,2.63,5.34,1.38,57.44,9.73,1.45,63.92,5.69,,1.24,3.85,11.36,0.78,7.53,10.18,7.36,3.46,0.9,11.71,13.5,37.21,8.12,7.48,9.35,38.3,3.51,16.8,5.06,14.16,11.85,1.28,5.38,,11.89,30.55,,9.43,0.82,4.7,0.14
20080401,9.04,4.99,17.34,,,9.05,0.37,5.07,1.57,3.04,17.27,26.23,7.91,3.33,,2.03,7.03,14.11,10.08,6.75,6.92,8.32,53.75,5.93,24.88,2.66,5.57,1.67,64.35,9.92,1.44,66.15,6.05,,1.25,3.74,11.61,0.8,8.58,10.09,7.37,3.62,0.92,12,13.51,38.9,10.17,7.48,9.51,40.96,3.8,17.22,5.21,14.94,13.67,1.31,5.8,1.45,12.05,30.56,,10.62,0.91,4.9,0.1
20080501,10.43,4.94,18.02,,,9.82,1.44,5.94,1.79,3.06,17.76,26.96,8.44,3.26,,2.13,6.99,15.66,10.44,6.61,7.13,8.65,63.29,5.91,24.45,3.16,5.71,1.96,60.06,9.19,1.45,71.51,6.28,,1.24,3.65,11.62,0.8,9.68,10.55,7.28,3.61,0.86,13.01,13.55,43.29,10.97,6.44,9.44,40.57,4.09,17.65,5.28,14.78,16.18,1.29,5.96,1.45,14.48,28.42,,10.99,1.09,5.31,0.13
20080601,9.44,5.02,18.31,,,13.3,1.43,5.98,1.88,3.09,17.72,27.31,9.37,3.23,,2.71,6.87,16.52,10.8,6.53,8.04,5.34,78.31,6.18,25.76,3.17,5.93,1.95,58.85,9,1.46,73.72,6.58,,1.28,3.68,11.77,0.82,10.32,11.94,7.22,3.5,0.84,13.67,14.53,44.62,10.86,7.69,9.32,41.53,4.25,18.1,5.87,15.6,19.07,1.3,6.08,1.8,15.02,28.7,,11.26,1.01,5.64,0.15
20080701,9.48,4.91,18.52,1.53,,12.2,1.44,6.16,2.01,3.11,17.91,28.28,10.5,3.24,,2.87,7.25,17.38,10.94,6.44,8.17,5.47,85.26,6.19,25.56,3.21,6.17,,56.48,9.48,1.47,75.36,4.26,,1.38,4.36,12.12,0.83,10.33,12.66,7.28,3.78,0.97,14.51,16.26,42.86,10.33,7.92,9.58,40.43,4.1,18.44,5.22,17.11,20.99,1.27,6.26,1.8,15.71,29.07,0.59,11.33,0.92,5.56,0.36
20080801,9.8,4.84,18.36,1.49,,11.06,1.45,6.45,1.96,3.28,17.27,26.86,10.33,7.88,,2.56,8.47,17.51,10.64,6.45,7.78,14.17,85.97,6.24,25.92,2.83,6.39,,64.68,10.07,1.48,72.94,4.31,,1.39,4.93,12.19,0.85,9.55,13.61,7.43,3.77,1.03,14.51,15.74,39.63,9.79,8.09,9.67,39.09,3.65,18.03,4.89,16.34,18.5,1.25,6.39,1.75,16.09,28.76,0.63,11.55,0.86,5.54,0.54
20080901,9.51,4.83,18.37,1.41,,9.49,1.03,5.63,1.8,3.39,16.85,24.66,10.47,7.79,,2.24,8.75,18.38,10.33,6.65,7.3,14.57,89.11,5.82,26.26,2.66,6.25,,67.28,9.73,1.47,70.89,4.32,,1.38,4.83,12,0.81,9.01,14.28,7.17,3.62,0.92,14.18,14.69,40.12,9.26,8.29,9.46,37.72,3.63,17.44,5.92,17.51,19.39,1.22,6.37,1.95,13.02,28,0.66,10.77,0.77,5.59,0.57
20081001,9.01,4.86,18.52,1.42,,7.67,0.95,4.52,1.63,3.45,15.39,23.5,8.73,6.63,,2.1,8.62,18.43,10.63,6.64,6.93,3.77,81.47,5.22,25.73,2.63,6.27,,65.52,8.99,1.37,66.93,4.3,,1.3,4.79,11.29,0.69,8.11,14.07,7.59,3.17,0.86,13.83,12.84,0.81,9.18,8.69,9.14,35.64,2.97,17.1,6.01,15.7,17.22,1.22,6.35,1.65,12.19,26.73,1.47,9.93,0.71,5.08,0.57
20081101,8.6,4.67,18.59,1.24,,4.3,0.95,4.03,1.58,3.39,14.9,21.36,7.92,6.25,,2.13,8.52,18.96,10.61,6.01,6.63,4.1,76.64,4.82,22.66,2.62,6.15,,62.14,9.14,1.15,63.51,4.22,,1.26,5.04,13.29,0.66,7.53,14.7,7.38,3.15,0.85,13.57,12.1,0.81,8.9,8.95,9.13,34.56,2.63,17.23,6.07,13.32,17.12,1.19,6.32,1.8,11.33,25.84,1.36,9.24,0.55,4.99,0.75
20081201,8.18,4.42,18.3,1.08,,5.08,0.95,3.75,1.7,3.29,15.89,21.95,8.48,6.53,,2.23,8.67,19.6,10.76,6.55,6.5,4.36,72.29,5.45,21.73,2.59,6.04,,55.54,9.23,1.22,63.05,4.19,,1.25,5.24,10.62,0.64,6.96,15.23,7.44,3.07,0.83,13.31,13.23,37.04,8.69,8.18,9.19,34.12,2.54,17.38,5.99,14.26,15.69,1.2,6.21,2.05,12.28,26.94,1.33,8.85,0.59,4.61,0.88
20090101,7.78,4.43,18.47,1.01,4.12,4.49,0.95,4.18,1.68,3.33,15.49,21.28,8.42,6.78,,2.28,8.51,18.84,10.95,4.83,6.44,4.36,66.26,5.21,22.26,2.56,5.98,,54,9.47,1.24,64.03,6.22,,1.21,5.84,10.54,0.62,6.47,15.07,7.9,2.94,0.77,12.93,13.29,,8.36,9.05,9.06,35.94,2.45,15.87,5.8,14.53,15.76,1.18,8.96,2.2,11.3,25.75,1.35,9.3,0.59,4.53,0.74
20090201,6.8,4.24,18.01,0.99,3.93,4.4,1.1,4.48,1.63,3.34,14.97,20.22,7.87,6.41,3.95,2.11,8.38,17.06,10.98,4.84,6.4,4.36,62.83,4.85,22.02,2.47,5.89,,52.04,9.13,1.19,62.94,6.21,,1.19,6.18,10.57,0.59,6.06,15,8.52,2.93,0.76,12.61,13.05,,8.16,8.63,8.82,38.29,2.37,14.25,5.29,13.69,15.21,1.18,8.4,1.8,10.63,25.25,1.37,9.16,0.71,4.17,0.74
20090301,6.44,3.54,17.74,0.94,3.9,4.39,1.09,4.12,1.62,3.36,15.38,20.8,7.9,7.19,3.77,2.04,8.14,16.95,10.73,2.83,6.03,,61.95,5.06,22.18,2.43,5.74,,53.19,8.84,1.2,60.95,6.22,,1.18,5.74,10.34,0.58,6.12,14.32,8.81,2.79,0.76,12.31,13.29,,7.98,8.58,8.92,37.92,2.29,14.74,5.53,13.88,13.61,1.14,8.28,1.65,11.56,25.7,1.41,8.9,0.74,4.27,0.46
20090401,6.41,3.5,17.46,0.83,3.97,4.61,1.15,4.32,1.66,3.3,16.1,20.95,8.08,7.51,3.57,2.18,8.24,17.23,10.75,5.04,6.14,,60.55,5.12,22.46,2.33,5.72,,52.37,9.04,1.27,59.35,6.23,,1.07,5.06,10.29,0.64,7.12,11.73,8.62,3.24,0.79,11.84,13.25,,7.95,8.51,8.97,37.28,2.31,14.83,5.92,14.6,12.92,1.09,8.14,2.05,11.66,25.9,1.33,8.93,0.75,4.33,0.29
20090501,6.38,3.47,17.2,0.85,3.95,6.85,1.21,4.75,1.68,3.47,16.77,21.4,8.46,7.93,3.43,2.31,8.11,17.79,10.41,4.82,6.1,,59.96,5.25,22.11,2.6,5.66,,50.84,9.34,1.35,60.66,6.27,,1.01,4.14,10.56,0.65,7.46,11.34,8.53,3.52,0.83,11.99,13.91,,7.89,8.55,9.39,37.22,2.61,15.46,6.33,14.15,12.75,1.11,7.56,1.9,12.25,26.72,1.44,9.11,0.7,4.75,0.25
20090601,6.34,3.66,16.96,0.84,4.03,7.57,1.21,4.58,1.75,3.02,17.72,22.22,9.01,7.8,3.44,2.44,8.17,12.77,10.39,5,5.63,,60.48,5.02,21.92,2.64,5.66,,50.56,9.68,1.37,60.01,6.29,,1.07,3.82,10.69,0.65,7.34,10.79,8.45,3.6,0.84,11.9,14.37,,7.86,8.59,9.27,37.67,2.41,16.18,6.58,13.71,12.82,1.15,7.16,1.78,13.24,27.06,1.44,9.34,0.69,4.72,0.25
20090701,6.29,3.53,16.89,0.85,4.47,8.38,1.22,5.32,1.86,3.03,17.31,22.88,9.86,8.65,3.57,2.39,8.33,14.64,10.06,5.12,5.65,,57.29,5.04,20.68,2.55,5.65,,49.86,9.96,1.39,57.52,6.34,,1.03,3.94,10.79,0.65,6.75,10.13,8.69,3.59,0.79,11.26,14.8,,7.87,8.53,9.16,36.99,2.25,15.66,6.42,13.97,12.34,1.14,7.11,1.77,13.09,27.1,1.55,9.4,0.7,4.87,0.23
20090801,6.49,3.47,16.93,0.85,4.1,9.2,1.2,5.18,,3.14,17.19,23.36,10.16,8.64,5.1,2.31,7.89,13.36,10.27,3.05,5.57,,56.21,5.47,21.33,0.29,5.61,,48.97,10.4,1.41,55.71,6.45,,1.03,4.04,11.07,0.67,6.52,9.88,9.15,3.65,0.8,11.12,15.41,,7.89,8.46,9.1,36.29,2.27,15.81,6.56,14.14,12.09,1.16,7.16,1.76,12.81,27.72,1.61,9.8,0.67,5.14,0.23
20090901,6.52,3.43,16.94,0.86,4.04,10.52,1.2,5.27,,3.14,17.49,23.69,9.32,9.24,5.22,2.23,8.21,11.68,10.76,3.05,5.53,,53.76,5.48,21.06,0.23,5.59,,48.59,10.73,1.43,54.74,6.45,,1.07,4.04,11.36,0.65,6.15,9.59,9.37,3.89,0.85,10.85,14.65,,7.85,8.92,9.08,36.13,2.27,15.79,6.53,14.08,12.12,1.16,7.11,,12.8,28.71,1.92,10.14,0.65,4.4,0.23
20091001,6.26,3.38,16.95,0.88,4.2,10.53,2.75,5.38,,3.31,17.96,24.18,8.94,8.6,5.1,2.26,8.26,14.85,10.5,2.19,5.22,,53.51,5.13,21.28,0.26,5.56,,48.85,11.95,1.49,55.11,7.2,,1.07,4.05,10.99,0.65,5.69,9.46,9.46,3.89,0.88,11.3,14.34,,7.8,9.01,9.42,37.57,2.24,16.31,6.34,13.36,11.91,1.17,7.13,,12.45,29.55,1.81,10.63,0.71,4.31,0.25
20091101,6.24,3.36,17.01,0.88,4.23,11.24,2.89,5.38,,3.63,18.26,24.1,9.12,9.06,5.24,2.16,8.1,14.79,9.97,2.12,5.1,,53.88,5.24,21.36,0.24,5.53,,48.37,12.7,1.49,54.58,7.15,,1.1,4.2,10.99,0.66,5.71,9.68,10.07,2.93,0.89,11.02,13.41,,7.77,8.93,9.32,38.02,2.21,16.46,6.05,12.95,12.57,1.18,7.2,,13.49,29.44,1.72,10.64,0.83,5.28,0.23
20091201,5.92,3.41,17.03,0.94,4.14,10.98,2.98,5.32,,3.77,17.75,23.29,8.75,9.46,5.53,2.13,8.23,15.31,10.3,2.1,5.08,,51.43,5.47,21.01,0.24,5.48,,47.68,12.71,1.51,54.34,7.41,,1.11,4.34,11.21,0.67,5.6,10.46,10.04,2.98,0.87,10.83,13.02,,7.71,9.24,9.42,39.05,2,15.9,5.98,12.64,12.59,1.18,7.31,,12.28,29.28,1.66,11.26,0.92,5.18,0.23
20100101,5.15,3.43,17,1.02,4.12,10.34,3.14,5.16,,3.82,17.27,22.44,8.46,9.12,5.67,2.18,8.41,15.97,10.65,4.27,5.01,,50.36,5.33,20.89,,5.47,,52.84,12.88,1.6,55,7.51,35.08,,4.52,11.53,0.68,6.05,10.76,9.98,3,0.84,11.07,13.73,,7.84,9.1,9.45,39.89,2.16,15.83,5.78,13.55,12.2,1.12,7.22,,12.32,29.72,1.53,11.56,0.91,5.38,0.23
20100201,5.14,3.4,17.12,1,4.1,9.7,1.49,5.55,,3.8,16.21,21.83,7.69,7.96,5.92,2.28,8.73,15.7,10.68,4.96,5.03,,47.92,5.31,19.87,,5.66,,61.38,12.29,1.62,55.38,7.84,34,,4.27,11.32,0.67,6.9,11.25,10.14,2.78,0.82,10.86,12.22,,7.87,9,9.4,39.87,2.22,15.67,3.33,12.8,13.01,1.08,7.37,,11.46,28.77,1.4,11.58,0.82,5.35,0.34
20100301,5.09,3.27,17.2,0.99,4.09,10.02,3.15,5.2,,3.91,16.17,21.16,7.59,8.21,5.61,2.29,9.11,16.07,10.65,3.14,5.03,,47.89,5.27,19.79,,5.74,,58.06,11.17,1.62,56.64,7.93,34.86,,2.89,11.18,0.69,7.61,11.34,10.31,3.5,0.86,10.91,12.07,,7.9,8.98,9.49,40.31,2.38,16.17,5.34,13.61,13.05,0.99,7.43,,12.1,28.46,1.44,11.63,0.68,5.28,0.29
20100401,4.97,3.27,17.21,0.96,4.09,10.12,3.2,5.69,,3.84,16.22,21.01,7.64,7.95,5.67,2.25,9.29,15.55,10.61,3.84,5.19,,47,5.18,20.38,,5.77,,55.75,11.02,1.62,56.56,8.37,34.95,,2.59,11.03,0.71,8.67,10.08,10.44,3.84,0.87,10.87,12.01,,7.83,8.78,9.29,41.75,2.67,16.2,5.47,12.54,13.14,0.99,7.45,,11.9,28.07,1.5,11.83,0.65,5.41,0.29
20100501,5.16,3.48,17.18,0.97,4.16,10.01,3.13,5.3,,3.39,15.57,19.48,7.48,8.19,5.41,2.17,9.23,15.08,10.5,5.11,5.17,,45.93,4.87,20.36,,5.75,,54.22,10.57,1.58,57.17,8.59,33.36,,3.82,10.74,0.69,9.85,9.77,10.54,2.97,0.84,10.89,11.28,,7.58,8.98,9.25,40.64,2.51,15.6,5.37,11.09,12.66,1,7.45,,11.48,26.75,1.39,12.01,0.65,3.59,0.23
20100601,5.47,3.7,16.93,1.01,4.24,9.96,3.11,5.63,,3.2,15.14,19.27,7.56,8.13,5.08,2.22,8.74,15.11,10.6,3.5,5.3,,47.09,4.73,19.08,,5.74,,52.44,10.49,1.61,57.35,9.57,33.33,,4.03,10.5,0.68,10.22,9.59,10.7,2.91,0.92,10.94,12.11,,7.47,8.91,9.33,39.76,2.47,15.25,5.62,10.76,12.81,1.01,7.15,,11.57,26.14,1.19,11.26,0.65,2.53,0.23
20100701,5.77,3.78,16.88,1.04,4.96,10.58,3.21,5.73,,3.44,15.6,20.69,7.99,8.4,5.42,2.28,8.9,14.46,10.89,5.56,5.47,,47.19,5.6,19.03,,5.75,,51.72,10.57,1.68,57.06,10.52,31.44,0.92,2.69,10.25,0.68,8.89,8.35,10.66,3.37,0.93,11.14,12.75,,7.41,8.96,9.58,39.79,2.42,15.59,5.97,11.47,12.9,1.08,3.15,,11.56,26.79,1.17,11.06,0.6,2.57,0.23
20100801,6.08,4.25,17.23,1.14,4.61,10.31,3.28,5.78,,3.69,15.79,20.78,7.77,9.54,5.74,2.35,9.11,14.17,10.71,4.04,5.89,,46.25,5.64,20.03,,5.77,,50.61,10.78,1.72,57.94,11.24,32.42,0.99,3.84,10.26,0.68,8.84,8.19,10.67,3.37,0.92,11.67,12.84,,7.49,8.91,9.76,40.76,2.29,15.57,5.82,11.48,12.7,1.06,7.45,,12.25,27.3,1.26,11.25,0.67,2.63,0.23
20100901,6.43,4.26,18.05,1.28,4.7,10.09,1.19,6.06,,3.68,16.5,23.46,7.5,8.91,5.88,2.35,9.22,14.75,10.69,5.11,6.96,,37.92,5.03,20.79,,5.76,,49.96,11.68,10.15,59.62,9.61,32.05,1.1,3.9,10.29,0.68,8.27,9.02,11.06,3.33,0.93,12.3,11.69,,7.81,9.02,9.79,41.06,2.39,15.79,5.81,11.35,12.84,1.09,7.98,,12.13,27.85,1.33,11.39,0.8,2.6,0.23
20101001,6.58,4.24,18.42,1.27,4.79,10.53,1.78,6.34,,3.8,18.16,21.68,7.4,9.17,6.19,2.33,8.24,14.69,10.35,4.35,7.88,,40.36,5.62,21.8,,5.88,,49.28,12.6,10.06,61.67,9.74,33.05,1.15,3.69,10.3,0.7,7.78,9.75,11.65,3.49,0.96,14.27,11.27,,8,9.02,9.54,41.93,2.64,16.24,5.89,11.67,12.95,1.22,8.2,,11.97,29.53,1.36,11.6,0.83,2.67,0.26
20101101,6.57,4.25,18.89,1.26,4.84,10.42,3.48,6.27,,3.74,17.37,21.06,6.18,9.52,6.45,2.28,9.33,15.21,10.54,4.75,8.39,,40.33,5.8,21.65,,5.9,,50.98,13.37,10.08,64.17,9.05,32.81,1.17,3.69,10.49,0.71,7.96,9.71,11.97,3.58,0.97,14.94,10.71,,8.11,9.11,9.42,41.5,2.35,15.98,6.14,11.29,13.91,1.25,8.24,,11.81,29.82,1.3,11.93,0.9,2.66,0.29
20101201,6.73,4.28,19.09,1.31,4.99,10.12,3.48,6.18,,3.88,16.95,20.51,5.58,9.58,6.38,2.21,8.01,15.83,9.97,5.04,8.29,,39.15,4.98,21.85,,5.96,,51.42,14.72,10.1,69.2,8.93,33.42,1.17,3.59,10.43,0.7,9.06,10.48,12.18,3.86,0.95,12.35,11.04,,8.18,9.24,9.3,41.42,2.43,16.26,5.97,11.16,14.74,1.26,8.37,,11.44,28.36,1.3,12.3,0.94,2.67,0.29
20110101,6.67,4.34,19.45,1.38,5.17,10.27,1.7,6.5,,3.87,17.03,20.67,6.06,9.26,6.73,2.36,9.24,16.15,10.3,6.86,8.5,,39.35,5.32,21.54,,6.15,,53.05,14.76,10.15,74.07,10.28,32.71,1.24,2.17,10.46,0.74,9.87,9.81,12.74,3.58,0.96,12.39,11.81,,8.51,9.23,9.37,41.75,2.62,17.06,6.11,11.97,15.7,1.24,8.8,,12.34,28.76,1.31,12.8,0.9,2.66,0.34
20110201,6.64,4.67,19.76,1.35,5.22,10.39,1.7,6.48,,3.83,17.7,21.36,6.73,9.64,6.96,2.33,9.74,15.95,10.44,6.75,8.35,,39.99,5.21,23.37,,6.39,,52.89,12.42,10.37,76.19,8.66,31.69,1.33,2.48,10.38,0.78,9.93,10.13,12.06,0.5,0.94,12.24,12.57,,8.6,9.27,9.69,42.26,2.77,17.97,6.12,12.43,15.37,1.26,8.92,,12.45,29.34,1.35,13.03,0.81,2.69,0.34
20110301,6.69,4.69,20.06,1.29,5.47,10.44,3.54,6.3,,3.75,18.55,20.82,7.27,9.56,6.88,2.35,9.68,16.01,10.5,6.7,8.13,,43.77,5.39,25.5,,6.63,,53.1,11.86,10.48,77.19,3.97,32.54,1.26,2.47,10.56,0.83,9.44,10.52,11.9,1.28,0.95,12.3,12.07,,8.59,9.35,9.9,42.62,2.92,18.68,5.85,13.96,15.68,1.28,8.95,,12.7,30,1.48,13.17,0.79,2.66,0.34
20110401,6.63,4.62,20.27,1.2,5.88,11.63,3.48,6.68,,3.81,19.47,21.66,8.08,9.53,6.86,2.48,9.82,15.48,10.63,5.3,8.52,,45.14,5.87,27.32,,6.77,,52.19,11.67,10.6,77.82,1.86,33.61,1.24,2.35,10.84,0.85,9.17,9.97,12.33,,0.98,12.67,12.59,,8.63,9.38,9.96,43.15,3.23,19.06,6.15,12.47,17.28,1.28,9.15,,13.33,30.34,1.71,13.33,0.83,2.66,0.31
20110501,6.63,4.74,20.37,1.12,5.24,11.9,3.52,6.54,,3.85,19.7,21.65,8.22,9.65,6.98,2.53,9.55,16.3,10.82,2.91,9.04,,51.51,5.66,27.8,,6.8,,51.56,11.56,10.66,81.59,8.17,33.18,1.15,2.1,10.94,0.86,9.81,10.67,13.07,,1,12.82,13.04,,8.43,9.59,10.08,43.47,3.33,19.38,6.14,12.65,17.8,1.31,9.52,,13.04,29.83,1.59,13.71,0.83,2.62,0.29
20110601,6.44,4.61,20.62,1.06,4.21,11.75,3.51,6.43,,3.72,19.79,22.13,8.36,9.41,7.52,2.62,9.71,16.09,10.6,3.15,9.27,,57.05,5.49,27.82,,6.72,,51.35,11.59,10.73,87.25,8.14,33.94,1.13,2.06,10.74,0.85,9.8,12.02,14.03,,0.99,13.25,12.91,,8.43,9.55,9.95,43.43,3.6,19.22,6.42,12.82,18.68,1.3,9.36,,13.55,30.38,1.48,14.11,0.83,0.88,0.29
20110701,6.66,4.3,21.01,1.07,4.4,11.51,3.62,6.88,,3.77,19.44,22.36,8.43,9.67,7.9,2.63,9.66,16.02,10.71,3.17,8.48,,15.76,5.81,27.16,,6.84,,51.44,12.25,11,89.8,8.24,33.9,1.15,2.03,10.58,0.86,10.19,12.74,13.97,,0.99,13.17,12.81,,8.67,9.59,10.45,43.96,3.03,19.47,6.68,13.73,18.86,1.3,9.28,,13.89,30.99,1.34,14.34,0.87,0.89,0.29
20110801,6.61,4.24,21.56,1.07,4.14,11.76,3.59,6.54,,3.9,19.63,22.95,9.1,9.73,7.77,2.58,9.66,16.05,9.88,2.63,7.79,,16.21,5.94,28.38,,6.82,,50.51,12.63,11.14,90.03,8.34,32.89,1.18,1.87,10.81,0.83,10.15,13.13,14.97,,0.99,13.05,13.95,,8.69,9.71,10.45,44.2,2.79,18.76,6.62,14.02,18.52,1.27,9.44,,13.75,32.08,1.41,14.13,0.96,0.87,0.29
20110901,6.56,4.21,22.35,1.13,4.13,10.8,3.45,6.12,,3.97,18.71,21.7,8.39,9.99,7.91,2.48,9.35,16.3,10.36,,7.53,,16.55,5.49,28.33,,6.77,,50.59,12.89,11.01,88.8,8.42,30.49,1.18,0.82,10.73,0.78,9.94,12.92,14.38,,0.96,11.98,13.14,,8.78,9.96,10.42,43.33,3.18,17.63,6.53,13.61,17.33,1.24,9.78,,12.83,31.35,1.34,13.56,0.96,0.89,0.29
20111001,6.48,4.11,22.81,1.14,3.58,10.74,3.41,5.91,,4.21,18.36,21.63,8.27,9.64,7.88,2.39,9.28,16.63,10.38,,7.29,,17.64,5.68,28.23,,6.79,,50.79,12.79,10.7,87.65,8.42,29,1.18,0.9,10.71,0.75,9.34,11.76,14,,0.9,11.31,13.31,,8.98,10.24,10.42,42.66,2.83,17.07,6.62,13.74,16.85,1.26,9.75,,12.4,31.69,1.35,13.36,1,0.9,0.29
20111101,6.5,4.03,23.07,1.11,2.89,11.14,3.34,5.95,,4.09,17.98,21.07,8.44,10.58,7.52,2.38,9.27,16.58,10.36,,7.19,,17.17,5.61,27.86,,6.87,,50.57,12.34,10.66,85.87,9.68,28.79,1.24,4.44,10.93,0.75,9.12,11.82,13.87,,0.88,11.17,13.51,,9.09,10.66,10.59,42.86,2.94,17.41,6.98,12.76,17.86,1.26,9.83,,12.09,30.92,1.4,13.27,1,0.89,0.29
20111201,6.37,4.02,23.11,1.04,3.02,10.82,3.14,6.06,,4.1,17.62,20.01,8.19,11.43,7.53,2.36,9.33,16.75,10.46,,6.61,,16.2,5.46,27.68,,6.88,,50.49,11.62,10.63,85.65,9.61,28.76,1.25,4.91,10.85,0.76,9.12,14.81,13.54,,0.84,11.3,12.57,,8.9,11.13,10.63,42.58,2.87,17.2,7.59,11.84,17.28,1.25,9.72,,12.78,30,1.53,13.63,0.87,0.86,0.29
20120101,6.2,4.06,22.77,1.01,3.11,10.56,3.28,6.15,,4.1,17.53,19.37,7.96,11.91,7.91,2.47,9.3,17.13,10.33,,6.04,,,5.33,29.49,,6.93,,50.68,11.55,10.76,86.22,9.56,29.44,1.21,5.78,10.76,0.79,9.97,12.58,13.1,,0.82,11.08,12.67,,8.89,10.87,10.56,42.3,2.74,17.25,7.41,12.62,16.13,1.25,9.8,,12.41,31.3,1.49,14.01,0.79,0.82,0.31
20120201,6.18,4.08,22.94,1.05,3.22,10.8,3.41,6.45,,3.23,17.51,19.68,8.28,12.04,7.86,2.57,9.22,16.51,10.55,,6.02,,,5.29,29.05,,7.03,,50.9,11.81,10.92,85.97,9.57,31.03,1.21,6.2,10.74,0.85,11.85,12.39,13.22,,0.88,11.13,13.86,,8.88,10.44,10.62,43.28,2.75,18.16,6.94,14.21,15.57,1.19,10.16,,12.72,,1.61,14.1,0.74,0.81,0.33
20120301,6.13,4.14,22.96,1.11,3.3,10.97,2.06,6.11,,3.58,17.48,19.96,8.5,11.26,7.79,2.58,9.35,16.78,10.43,,5.91,,,6.12,29.3,,7.09,,51.31,11.77,10.75,85.46,9.78,31.55,1.2,6.47,10.73,0.86,13.35,12.07,13.42,,0.88,10.98,13.99,,9.05,10.29,10.95,43.74,2.77,18.43,6.68,14.87,15.88,1.08,10.11,,12.84,,1.71,14.1,0.71,0.81,0.29
20120401,6.02,4.11,22.94,1.05,3.33,11.17,2.09,6.03,,3.61,18.13,19.71,9.69,10.3,7.74,2.59,9.3,17.77,10.31,,6.07,,,6.11,30.76,,7.11,,51.3,11.81,10.8,85.55,8.31,30.67,1.21,6.18,10.74,0.84,13.72,12.05,13.54,,0.86,11.9,14.14,,9.22,10.14,10.98,44.18,2.79,20.52,6.72,13.96,14.95,1.07,4.1,,13.39,,1.96,14.09,0.73,0.78,0.29
20120501,5.88,4.01,22.9,1.01,3.43,10.94,1.87,5.56,,3.4,17.81,19.57,9.16,9.7,7.65,2.91,9.47,18.22,10.24,,6.23,,,5.93,29.22,,7.1,,51.82,11.83,10.64,87.21,9.85,29.5,1.14,4.03,10.66,0.82,13.91,12.28,13.47,,0.86,11.38,,,9.16,9.94,11.09,43.66,2.68,17.84,6.45,14.2,14.98,1.12,10.8,,12.61,,2.2,13.82,0.73,0.76,0.29
20120601,5.84,3.81,22.82,1.02,3.57,10.79,1.93,5.43,,3.2,17.24,19.11,9,9.74,7.17,3.21,9.51,19.62,10.43,,6.04,,,5.81,28.66,,7.03,,49.27,11.82,10.58,88.55,9.65,29.02,1.1,3.74,10.64,0.79,14.13,13.02,13.16,,0.81,11.3,,,9.01,10.24,11.31,43.75,0.95,16.71,6.91,14.07,15.11,1.11,4.34,,12.55,,2.24,12.95,0.71,0.75,0.29
20120701,5.86,3.71,22.77,1.02,4.04,11.22,2.01,5.48,,3.93,16.71,19.02,8.96,10.08,6.98,3.21,9.52,19.55,10.26,,5.85,,,5.71,27.93,,7.07,,50.23,12.57,10.89,87.55,9.43,29.5,1.07,3.87,10.83,0.83,14.21,12.32,13.05,,,11.28,,,9.03,10.24,11.34,44.79,1.62,16.86,6.92,13.6,16.03,1.13,10.71,,12.39,,1.71,13.14,0.71,0.83,0.29
20120801,6.02,3.75,22.91,1.08,4.15,11.08,2.12,5.71,,4.02,16.67,19.27,8.25,10.29,7.29,3.16,9.45,19.19,9.91,,5.94,,,6.23,28.05,,7.07,,51.26,13.79,11.1,88.12,8.95,29.48,1.07,4.08,10.9,0.84,13.71,11.97,13.42,,0.84,11.29,,,9.1,10.2,11.33,44.6,3.08,17.23,6.66,14.94,15.69,1.14,10.94,,12.27,,1.72,13.91,0.75,0.82,0.29
20120901,6.11,3.86,23.06,0.75,4.08,11.11,1.81,5.89,,3.22,17.66,20.4,8.44,11.69,7.49,3.04,9.43,19.09,10.01,,5.9,,,6.12,28.37,,7.09,,50.28,13.98,10.96,86.69,9.03,29.63,1.12,4,10.66,0.86,12.69,12.45,13.8,,0.86,11.74,,,9.23,10.31,11.43,40.82,3.28,17.48,6.27,15.42,15.5,1.15,11.93,,12.65,,1.76,14.09,0.77,0.87,0.29
20121001,6.36,4.01,23.34,0.75,4.1,11.04,1.98,5.96,,3.25,17.71,20.28,8.35,12.59,7.28,3.03,9.61,19.46,11.15,,5.95,,,6.16,27.29,,7.26,,50.86,14.36,9.24,86.15,8.23,28.82,1.15,2.39,10.73,0.86,11.9,12.4,14.27,,0.82,11.74,,,9.27,2.28,11.56,44.68,3.27,17.86,6.25,14.98,15.29,1.18,12.04,,12.58,,2.8,15.21,0.79,0.86,0.29
20121101,6.38,4.06,23.41,0.78,4.27,10.9,,5.84,,3.26,17.31,20.07,8.09,12.13,7.27,2.99,9.48,19.59,11.22,,5.57,,,5.41,26.51,,7.26,,51.59,14.19,9.37,85.06,9.06,27.99,1.15,3.75,10.99,0.85,11.74,12.28,,,0.8,11.47,,,9.27,2.54,11.41,45.02,3.23,17.6,6.13,14.12,15.86,1.21,12.09,,12.73,,2.71,,0.81,0.89,0.29
20121201,6.53,4.14,23.51,0.78,4.51,11.27,0.36,5.98,,3.2,18.54,20.68,8.93,11.86,7.66,3.01,,19.07,11.55,,5.53,,,6.21,26.59,,7.26,,52.12,14.3,9.71,85.44,9.04,28.14,1.15,4.22,11.04,0.86,12.06,12.72,,,0.8,11.62,,,9.24,2.74,11.78,45.5,3.33,17.9,6.28,13.63,15.11,1.24,11.54,,13.16,,2.39,,0.74,1.02,0.29
20130101,6.58,4.21,23.66,1.21,4.73,11.34,,6.24,,3.32,17.91,20.7,8.18,11.9,8.15,3.02,9.71,19.27,11.46,,5.1,,,6.3,26.72,,7.24,,52.29,14.22,9.83,85.43,7.38,28.23,1.15,4.48,10.91,0.88,13.04,10.82,,,0.8,11.23,,,9.45,10.96,11.72,45.89,3.43,18.06,6.36,14.97,14.07,1.26,11,,13.78,,2.75,,0.71,1.05,0.29
20130201,6.46,4.16,23.53,1.25,4.76,11.68,,6.51,,3.14,17.83,20.55,8.15,11.18,8.29,2.89,9.68,19.57,11.41,,5.11,,,5.77,26.77,,7.29,,52.95,14.16,9.89,85.09,7.4,28,1.18,4,11.07,0.88,13.95,10.78,,,0.81,10.83,,,9.41,10.76,11.34,46.38,3.54,17.88,7.26,16.08,15.5,1.26,10.96,,13.79,,2.18,,,1.03,0.29
20130301,6.41,4.08,23.51,1.26,4.81,11.75,1.83,6.57,,3.22,17.41,19.75,7.86,10.12,7.68,2.76,9.49,19.19,11.41,,5.11,,,5.77,26.66,,7.35,,54.34,13.4,9.9,85.39,7.49,27.11,1.15,4.55,0.51,0.89,14.09,12.98,,,0.82,10.93,,,9.5,10.71,11.47,46.67,3.5,17.35,6.67,15.76,16.88,1.24,10.97,,12.98,,2.33,,0.35,1.04,0.29
20130401,6.22,3.99,23.59,1.25,4.92,12.45,2.39,6.59,,3.14,,19.49,8.94,12.76,7.77,2.74,9.54,19.89,11.36,,5.15,,,,27.08,,7.42,,57.87,13.01,9.84,85.47,,27.44,1.17,4.01,0.58,0.92,14.45,11.55,,,0.82,10.71,,,9.38,,11.45,45.75,3.6,16.81,6.53,14.63,13.84,1.25,10.77,,13.1,,2.7,,0.34,1.08,0.4
20130501,6.05,4.02,23.56,1.22,5.06,,,6.51,,,,18.13,7.97,11.15,7.63,2.71,9.45,19.28,11.24,,4.02,,,,27.79,,7.38,,43.44,12.74,9.84,87.13,,26.64,1.14,4.15,0.47,0.91,14.29,11.6,,,0.85,7.99,,,9.44,,11.34,17.23,4.16,17.17,6.43,14.68,16.19,1.24,4.27,,13.07,,2.72,,0.34,1.06,0.34
20130601,5.83,4.25,,1.25,,,,6.17,,,,,,,7.56,2.61,,,9.02,,,,,,26.74,,,,43,12.34,9.82,87.2,,,1.15,,,0.87,,11.68,,,,7.91,,,9.7,,11,2.54,4.12,16.83,,,,1.24,,,,,2.05,,0.65,1.04,
